ID,score
1,9.328418331112582
2,10.0
3,10.0
4,7.831133130904637
5,5.8755058827377455
6,6.138127985617067
7,7.048596088895137
8,5.615393160404533
9,5.131935350227376
10,4.044724557797804
11,6.604424911399347
12,4.817620956005805
13,7.859528007744502
14,8.919759066554285
15,8.540332714685428
16,8.293090282859584
17,8.710550446370435
18,8.824423301726192
19,6.331028977871711
20,8.109423516108984
21,7.935545962222182
22,1.7002014889150925
23,10.0
24,9.099725901823305
25,6.374298439158466
26,8.344680239887394
27,5.464432999169686
28,7.902298364733895
29,7.468818813811035
30,7.35771378796196
31,6.341877621457476
32,7.218237878914873
33,9.787543945418914
34,4.288662463773743
35,6.65740057191773
36,8.745249347561911
37,8.05193018377456
38,7.247594438308425
39,8.73317519177483
40,10.0
41,10.0
42,9.749343684422639
43,6.71566568136462
44,10.0
45,9.403719474220425
46,8.254388439078117
47,8.831671664029997
48,5.226957681191296
49,8.527934013231098
50,6.415392817570485
51,9.074931799270903
52,2.0938902534565926
53,7.2912894224335805
54,7.839100800309981
55,3.3437684647451067
56,8.723136366140407
57,10.0
58,8.999393562859598
59,2.0922105019077644
60,7.299771501039929
61,9.33662906158603
62,4.974050068360309
63,9.505943435576858
64,7.440387158425269
65,8.562280444823589
66,5.839342583116166
67,8.533043725434013
68,8.296859305840485
69,4.078935919229317
70,8.14846351183989
71,8.954941784673627
72,2.396510893118838
73,7.843647116663017
74,2.5489725611711886
75,8.495169589507599
76,8.764108707047463
77,9.86620796846855
78,7.734276682890922
79,7.974130686942828
80,5.021628836496082
81,10.0
82,9.254036556539786
83,6.020497967263852
84,10.0
85,6.486411426449025
86,6.103472481827833
87,6.138162448412478
88,7.907900006934771
89,4.130302623069029
90,6.653886057723289
91,8.836295810030858
92,10.0
93,5.227089999568731
94,7.408319631177185
95,7.437457440977456
96,4.73724014040598
97,10.0
98,9.281613100875644
99,6.043412176845148
100,8.330061326459687
101,6.653093210747223
102,3.7888091350426105
103,7.163666935219259
104,5.920411774839998
105,5.231490769112954
106,6.987658062818937
107,8.946429512332477
108,7.0151537211717585
109,9.387709712962934
110,7.6844085968576925
111,6.94148662683162
112,8.265528172627919
113,7.925233058559217
114,9.181645025815566
115,6.232270293980943
116,8.541853401000886
117,8.209318273028352
118,8.962813452370073
119,8.860173806193725
120,8.62414613904457
121,7.484357336707805
122,6.784712482690513
123,4.365049291218917
124,10.0
125,6.421376927581884
126,10.0
127,10.0
128,6.626681388785642
129,6.92248358979898
130,2.7173319471239945
131,8.615024365187182
132,6.618485298386705
133,6.602140149220204
134,8.289617353911376
135,10.0
136,5.7338223354809665
137,8.392937225423548
138,9.392540560325711
139,5.937538012268498
140,9.488465947088427
141,7.984854878340246
142,7.661318836199318
143,10.0
144,7.428399838126322
145,6.686949255168631
146,10.0
147,8.779273938379493
148,8.275492861364839
149,10.0
150,7.856953781294935
151,8.293188879602061
152,8.891295748075244
153,3.5018618739504737
154,7.429815891925815
155,2.708309771399387
156,7.6742317256384025
157,8.896928897124083
158,8.710697171735093
159,10.0
160,1.9985782445836398
161,9.048519899230008
162,7.3953404582989135
163,7.937478444115886
164,10.0
165,7.962233046796465
166,10.0
167,4.7341311428257065
168,8.674117615097089
169,10.0
170,9.355805418330243
171,8.788815839120435
172,7.736960806065678
173,9.910450545575227
174,7.0286990613965
175,10.0
176,4.016131889364171
177,5.476978335217081
178,8.633860820763974
179,2.2238839373564425
180,8.747858348546952
181,10.0
182,9.364210890564882
183,8.936157706248247
184,6.583591574022843
185,6.429145313226315
186,8.814328971098847
187,8.259932345543994
188,4.378030365706069
189,6.344890746877961
190,7.691529718811727
191,6.653489623968595
192,6.577645133163595
193,1.3048296255882816
194,6.606989430152485
195,5.940104313186597
196,10.0
197,8.73588077199072
198,7.697070015648533
199,9.052253177038763
200,8.592664255198654
201,7.719069833823392
202,7.9703909115914895
203,3.1823374741024706
204,8.08673610368448
205,4.529442855097309
206,7.6134735890627265
207,8.362637165744577
208,3.908207751944306
209,9.606312376014312
210,6.621409563707761
211,6.650455692626459
212,6.638148968950781
213,6.660516934084494
214,8.224552909256802
215,6.798677160076184
216,6.798537012864841
217,6.759211329988201
218,7.4063064020524685
219,8.756144565306938
220,10.0
221,7.452507151033889
222,6.788104866343803
223,6.401967990034899
224,9.244623386335382
225,5.959248907903117
226,8.66816668540542
227,5.270854224132032
228,8.919818784369294
229,8.201526110404368
230,6.538927350969484
231,4.001032758457352
232,10.0
233,7.081400748695499
234,6.2202355984210875
235,7.722781520485691
236,6.860864302739329
237,9.326098005767651
238,8.309907273567907
239,10.0
240,9.013000489472134
241,5.837287079900636
242,9.348737185844078
243,10.0
244,9.34064657846246
245,6.912577484886882
246,4.386010581719538
247,5.68127455433229
248,8.716014929645418
249,9.63515927784843
250,9.437922551461982
251,10.0
252,8.133690706848794
253,7.4198502930063395
254,10.0
255,1.0
256,7.727020404120788
257,7.307906702999765
258,6.953839048151206
259,8.039297383475072
260,5.373568013744221
261,10.0
262,5.690522190528096
263,7.139510341697826
264,10.0
265,7.217073354586395
266,5.754225372413175
267,8.17089041642068
268,7.691954016656391
269,10.0
270,8.406090883035844
271,8.580877942787465
272,9.023924693850994
273,6.972632641613272
274,4.3518944299527265
275,9.070405850945475
276,7.0381686412221525
277,10.0
278,5.234284888743786
279,9.078902270843685
280,9.448479216543394
281,9.257578392558168
282,6.6337980631239954
283,8.922913072885384
284,8.974512828160565
285,9.44358034888716
286,10.0
287,7.787949849397129
288,7.385684267735196
289,9.650113455492027
290,7.268638891024077
291,9.365430719805694
292,9.688177997534282
293,6.9670397671636835
294,10.0
295,9.412128772150227
296,10.0
297,10.0
298,8.597173128278289
299,7.730717261606847
300,3.321265965772969
301,10.0
302,9.257060244724778
303,4.533032162205447
304,8.75485049722532
305,6.3537821588056875
306,9.209932989819565
307,8.972773690196268
308,5.976175816213192
309,8.96069904829527
310,10.0
311,8.821861717716278
312,2.876058516888632
313,7.70656372665581
314,2.5843714650639584
315,6.371814344010665
316,10.0
317,5.987678970394822
318,9.635442003187688
319,9.001552843281175
320,3.8761247439854034
321,4.830996691777547
322,7.591279837232571
323,9.044793396358351
324,5.839791020060595
325,10.0
326,8.175420345032487
327,5.055523811474135
328,8.718684458633934
329,10.0
330,9.416990223610746
331,3.5283564035893615
332,8.977915888252202
333,7.157643197564958
334,8.910707699132583
335,8.46050312400925
336,3.0354858980513155
337,5.446383341825407
338,7.002440393594605
339,8.280341902869296
340,4.6416753438487
341,7.597661188838363
342,5.086842748399192
343,5.774907074883546
344,9.961648521791167
345,3.8279262365234197
346,5.782810724924153
347,7.508967291054732
348,9.258585416660576
349,3.4554991846922323
350,4.80057252583196
351,3.6780719500335723
352,2.192917756770037
353,2.5855813282596904
354,8.771348679674935
355,10.0
356,3.115386867311521
357,7.357426604485413
358,8.248701489573934
359,9.960174955712652
360,9.75078153564068
361,4.081949563726749
362,9.501967172808335
363,5.137127531174304
364,6.268169951330078
365,5.172134683364792
366,10.0
367,8.668334668882078
368,9.793287675851994
369,9.328826804191355
370,10.0
371,6.910600438364443
372,6.110496134842343
373,8.970358839392903
374,10.0
375,8.616170060563924
376,7.815097170905098
377,9.166024873099694
378,10.0
379,9.456662918788494
380,9.976212877929653
381,7.086481274047163
382,8.122989245160802
383,5.722277286619313
384,8.360625029666197
385,6.256125471195872
386,9.82409657289805
387,9.534620332468092
388,9.04575647776136
389,4.173078483905377
390,6.302009275765142
391,7.596741371373828
392,5.227243663148437
393,7.350812161479693
394,7.570464199609149
395,2.949568114322174
396,7.926451654176362
397,7.7951511559802915
398,5.047426187085072
399,9.949279136337914
400,9.287183106118656
401,8.64160991478766
402,6.835996155503111
403,10.0
404,10.0
405,7.525755567125602
406,10.0
407,9.162266604899923
408,10.0
409,4.822452769507333
410,7.72850691920189
411,4.0522347389761375
412,7.525721773579546
413,2.5496355745648502
414,6.286677097256231
415,4.874044429321281
416,9.51546290076841
417,9.739476144043914
418,8.189438459085723
419,8.80626074089943
420,9.813327009538748
421,6.642387562234563
422,8.595994520281284
423,8.797125192914104
424,8.494421424874444
425,7.002104843358722
426,9.22187290345758
427,6.927432314264742
428,5.816965902001418
429,4.537207450011518
430,7.100895298492367
431,8.922411830222364
432,10.0
433,9.34167994181614
434,7.876519058540233
435,6.950875379274126
436,4.668352817744897
437,7.717369031252083
438,10.0
439,8.59761446427304
440,6.110450998305099
441,7.775450078840068
442,7.445936010885754
443,9.33861805956702
444,4.1552166049637815
445,8.787641406831167
446,6.786956734412984
447,9.809823941820502
448,9.39278090725601
449,6.837672619495079
450,9.474825990178031
451,8.881268169860087
452,7.729155446827965
453,10.0
454,9.888215277904836
455,1.211013491242539
456,8.275788094615388
457,9.231831108358428
458,5.433976648536117
459,8.367799496427622
460,10.0
461,8.337360965309362
462,3.673403867168722
463,7.988829725073618
464,8.36440358169195
465,6.574309208392476
466,9.557730526162818
467,8.480419787679383
468,7.032482633365706
469,7.622420686707828
470,9.472573583778436
471,9.63465755396232
472,9.685866656942181
473,4.3895697464949865
474,8.764599624774052
475,4.941254544398877
476,3.5544438045507967
477,1.2326503931631685
478,5.590557671135848
479,4.063391655821889
480,6.920400679155468
481,5.599735997325721
482,7.512651185672528
483,4.141779196867559
484,10.0
485,8.529679641808716
486,6.344893592510937
487,8.341897115153191
488,8.388332923817353
489,10.0
490,10.0
491,8.081475057429467
492,9.869945056480214
493,5.736399404507343
494,5.0779415155505685
495,5.615963157403605
496,8.977387484521733
497,7.7201862145727596
498,2.62894697205727
499,9.414430563310962
500,4.079931538393051
501,4.529868359864354
502,8.194474328271605
503,5.47254886990233
504,8.611178200156038
505,10.0
506,9.212929671855283
507,7.016910565100592
508,7.8349243820334795
509,8.866515789770885
510,7.732550532412279
511,8.068619674293718
512,6.358707670533118
513,10.0
514,1.7741173361770413
515,7.0583223253947605
516,10.0
517,10.0
518,8.470565730545301
519,8.563674659635588
520,10.0
521,6.6623383092116315
522,7.336336545884007
523,8.256872371790811
524,8.92342912791997
525,10.0
526,10.0
527,8.265260878522028
528,8.126476581005232
529,9.51173615756231
530,2.3426345183166317
531,8.21595186665632
532,6.4507251339757925
533,10.0
534,6.897546662329486
535,9.619946625503072
536,8.902643461244264
537,2.702116314131085
538,4.463545045781694
539,9.001124824634834
540,9.336256937178087
541,6.556529334832759
542,8.361561852311521
543,7.65425290068156
544,2.9975164649555657
545,10.0
546,5.467076575096974
547,6.820030056740502
548,8.569472862526442
549,5.777356459254227
550,5.517767211861424
551,6.838236503941218
552,9.956848645738654
553,9.626547998537045
554,8.001093960109602
555,7.704832935522901
556,3.1612858935776895
557,10.0
558,7.000820247671329
559,9.769203861178198
560,7.98172011175525
561,6.31455324430185
562,4.1156287636182745
563,8.683090846336597
564,10.0
565,7.065171862710082
566,8.506194869978053
567,10.0
568,7.470926284011872
569,8.542326887784604
570,8.462237526448472
571,8.738734253286024
572,6.355603602170441
573,9.080721203731706
574,9.408896510020933
575,4.930465622830599
576,2.2482884039932762
577,9.183242138246566
578,10.0
579,3.548726724817878
580,4.561316970656226
581,9.025989472600855
582,9.558098667101005
583,9.298437135991692
584,4.115648278230553
585,8.299176991426474
586,7.302052156712152
587,10.0
588,8.711197270106421
589,9.10402502926706
590,6.709200045953226
591,7.267389119698627
592,9.664134851894907
593,10.0
594,9.00592737348545
595,8.536680702510452
596,9.05459287332834
597,8.382395612147992
598,4.2249731264744135
599,9.615622862587408
600,9.430751641700288
601,9.327500787718423
602,4.100055796203736
603,4.468712176028404
604,3.1363489344963713
605,2.5477972544485223
606,7.410793543788085
607,7.626208201144165
608,8.825434652615911
609,3.7359784997849554
610,8.610933300982472
611,8.740393388707128
612,6.113431684421902
613,8.85292674741698
614,7.193332777367573
615,5.194682598725959
616,8.376950250308207
617,5.185382544017228
618,7.893621679971021
619,8.428552779001931
620,5.425573440134758
621,5.546860446457426
622,6.147297121851871
623,9.11362036316216
624,8.488079674568315
625,5.921068075457017
626,8.664712578062723
627,6.236030692907246
628,6.983432827519888
629,8.4948246454631
630,7.60853581104003
631,4.486328347031164
632,6.481703672865479
633,6.217465259890684
634,10.0
635,6.98311853499443
636,9.41657143430338
637,9.351076788676995
638,8.398662445790707
639,4.96867388338702
640,8.976761583839297
641,6.815361027802379
642,8.145205978705347
643,7.825095551129738
644,9.700911907141203
645,8.544564963984094
646,7.41959836195818
647,6.263983684873176
648,10.0
649,5.409320995801502
650,9.19904436926368
651,7.582358914460927
652,7.922079474707508
653,4.959963929995241
654,7.9783057489794045
655,10.0
656,8.062560445494839
657,6.130942087619629
658,9.314654206199522
659,7.36926484398219
660,6.290477734863779
661,8.831943284945181
662,10.0
663,6.1734622095224845
664,5.575983985588306
665,6.0162891607770375
666,8.390091034897699
667,5.421522258011444
668,9.25276414164691
669,5.154172073894505
670,4.854893323722525
671,8.334936391437092
672,7.519794984653303
673,10.0
674,8.495153742746929
675,9.5926672188542
676,9.952611961494435
677,9.096249101844805
678,9.869727688467378
679,7.464107237706872
680,8.15529883193671
681,9.428033519766284
682,5.2021158151725215
683,9.91967719119771
684,7.263785257810701
685,10.0
686,5.766319924307489
687,10.0
688,2.68749080779623
689,2.6344024762924643
690,8.301347782297952
691,7.215225883330918
692,9.054756184023573
693,8.656226307784383
694,8.90392053549626
695,9.804784634946456
696,4.424524993080178
697,7.745493252275886
698,10.0
699,9.590552648870977
700,8.311610737044033
701,6.639668808582493
702,8.378923968463294
703,4.901349684715228
704,8.965941942763877
705,5.9450859757020185
706,10.0
707,7.631258750670039
708,7.583833835376769
709,5.61147312480619
710,6.574518464851536
711,5.959131104689417
712,8.88121162895185
713,8.518934067383615
714,9.355649562841982
715,6.484545992617655
716,7.049646294499192
717,4.843678998509995
718,3.502557175534206
719,8.413139730690087
720,9.219291747735237
721,10.0
722,10.0
723,5.445951668942993
724,9.059002593709915
725,6.140078160734375
726,8.01477239528855
727,8.524945008549157
728,7.48660626135648
729,5.686544683405695
730,4.442333746143854
731,7.524599294165076
732,5.624761056985892
733,8.225799724417708
734,9.201688210325443
735,8.330675853761973
736,7.260906007567236
737,5.6101631539008645
738,6.779524084279504
739,8.317828427793806
740,7.915574508588851
741,5.923613221076398
742,2.0627659890154684
743,9.01680266468577
744,8.24793801827739
745,10.0
746,9.961091215471935
747,10.0
748,7.434009931735429
749,7.945712418623634
750,8.972568616151342
751,6.447940938894725
752,8.647196031296527
753,8.350435123191213
754,8.197868377222862
755,10.0
756,8.53660169100304
757,9.791392913439909
758,4.262666124561123
759,7.994317477930508
760,6.726120528149243
761,10.0
762,9.198992697009158
763,4.933339431142796
764,4.970539072277849
765,7.053559984488626
766,10.0
767,5.605938498824038
768,6.881219565590428
769,6.782611751445702
770,4.351779910979845
771,8.860345419637033
772,4.612801675874732
773,8.199785208856436
774,9.717839418796945
775,4.195191466224937
776,6.909285038944779
777,6.600338746180355
778,6.814279674053597
779,10.0
780,10.0
781,9.397723808636252
782,6.89282194232649
783,8.426971765257429
784,6.423662009490122
785,10.0
786,6.857639507317065
787,3.3960031552224486
788,7.27748533611815
789,8.171121642838122
790,7.684307918194375
791,9.633912143104121
792,7.77598806005579
793,9.964885443972129
794,7.314741894878524
795,7.520643339117963
796,4.056944451608534
797,10.0
798,9.26105692725363
799,6.488901775470472
800,7.460421405948246
801,8.10268836749848
802,9.784178429778002
803,4.5649402359285665
804,8.73606589063571
805,2.6051673205815065
806,4.8319871323943655
807,5.470941080331191
808,5.546233972938986
809,8.915066429847892
810,7.832227272344766
811,7.077645651245616
812,7.627767795687618
813,4.180943568324579
814,8.995887551038924
815,7.525441520987099
816,6.006726352762846
817,1.3989731507130823
818,7.667961710085807
819,10.0
820,5.540633299902263
821,3.7533052359311743
822,9.769223438980399
823,10.0
824,7.540330262851339
825,10.0
826,6.991448015613863
827,5.435328034692339
828,9.722462372362516
829,5.7870362335354395
830,9.845752250567537
831,3.374366249207743
832,9.095213786692717
833,8.397350539740842
834,7.045441978196013
835,6.405561706528638
836,9.003330389663187
837,8.338793356805477
838,4.826305030699472
839,1.4632939666644396
840,10.0
841,3.075030490119779
842,9.325038505446715
843,8.309534656464619
844,4.311956064671198
845,1.1570978298952739
846,4.647152309018468
847,4.326598543411951
848,7.367911331949729
849,10.0
850,9.257134526258277
851,9.728811877835616
852,3.993201948777227
853,7.4974434869064055
854,7.934245447567497
855,7.473342101374135
856,7.257229669514498
857,9.199899431105836
858,7.937815659216594
859,5.664656201482847
860,7.612731240267557
861,5.103467871231405
862,9.308933222847289
863,5.405783844868122
864,8.156158892907289
865,7.146167415901374
866,7.695871590327867
867,7.388938764624624
868,2.754544351016415
869,5.531701654016616
870,8.247074572363532
871,6.031636841656497
872,8.158303394176066
873,5.097818022471523
874,7.790006801112872
875,6.536775471951534
876,8.089798621270686
877,3.061997637619879
878,10.0
879,2.512236831309041
880,8.981132707236645
881,4.599508912867891
882,7.737671677086423
883,8.252054618813052
884,2.432581772245333
885,2.0138515290987393
886,9.373764549577071
887,7.990887608339753
888,3.57636051284708
889,9.503733171426086
890,10.0
891,8.182809718866999
892,6.503208968286172
893,8.018710484411931
894,5.1391716034038994
895,10.0
896,5.756484644547436
897,5.905871582921748
898,5.925903971213853
899,8.796895117673909
900,7.651043463012146
901,10.0
902,10.0
903,3.863720352359536
904,4.4335947728940885
905,4.449469287163466
906,8.42772950613204
907,5.726208896054711
908,6.487882551334672
909,4.564743875191687
910,6.2806714106105295
911,9.008524136683842
912,7.354633992084977
913,7.299839770601324
914,6.84271281183823
915,9.072146705991678
916,9.147840769658327
917,6.660658710438732
918,10.0
919,10.0
920,8.427783171217497
921,8.258453002015886
922,9.722982299781862
923,6.704314079249889
924,10.0
925,9.49411048375006
926,9.843577786520573
927,8.945619114753457
928,3.051648730334967
929,9.145065756181317
930,10.0
931,9.258601314615726
932,9.75132846937764
933,1.8366458427340435
934,8.223524241797499
935,5.377967377249968
936,9.950448055286175
937,9.335630393733421
938,9.583606801457734
939,8.474345743290986
940,3.9405682586190647
941,8.263560372762218
942,6.612073195453426
943,9.717933008241717
944,9.882929578892224
945,4.639819942714877
946,9.44051661153794
947,9.463682934066629
948,8.912273537340127
949,3.9745303141412323
950,9.07483151414394
951,7.742545955752282
952,8.968620425710553
953,5.587047707227536
954,3.170425973516993
955,5.302286230394002
956,6.124382955645305
957,3.045129996659039
958,10.0
959,7.248051634271199
960,10.0
961,6.3241183840060025
962,6.840666296044605
963,7.134117474434345
964,6.3059254700210206
965,6.996891194801454
966,1.975173474746976
967,8.183828371587786
968,9.330265053496293
969,9.333160630060608
970,6.563168055086779
971,9.826578812735804
972,8.415589667321045
973,7.558073813552041
974,7.615354903201639
975,8.230989770033283
976,9.583783120505037
977,10.0
978,4.681945831568541
979,9.952423296247789
980,7.624555328445325
981,7.774401149548205
982,9.321607799916784
983,10.0
984,10.0
985,5.267665825055161
986,6.152717197906492
987,3.1400678350678572
988,5.636125971012736
989,8.185062291431585
990,7.450658123522627
991,5.289270236671417
992,8.474601562645313
993,6.620934637746939
994,8.243692944756074
995,8.975659439945758
996,3.335260779725364
997,8.513888908520721
998,5.6126546657427365
999,6.883408233785781
1000,6.557139432012576
1001,7.299896662331447
1002,4.598284493278746
1003,8.815757302699064
1004,8.079609665153528
1005,10.0
1006,3.1719193171221836
1007,7.1383113753049265
1008,9.387332034822988
1009,9.438687511275955
1010,10.0
1011,6.474107748835737
1012,9.075113456009706
1013,8.996057951670759
1014,5.55617779803171
1015,5.816385088258876
1016,8.934007511316521
1017,8.595737425078214
1018,5.142556593484759
1019,9.089833121992498
1020,10.0
1021,10.0
1022,6.9926363027009035
1023,10.0
1024,9.771107888773836
1025,9.53327699975183
1026,7.961654269843816
1027,9.645756788115037
1028,10.0
1029,8.063906920971693
1030,8.35983809298913
1031,9.761264948271783
1032,9.90452942239307
1033,10.0
1034,9.32878986549425
1035,9.87008208802767
1036,8.733354167366105
1037,5.763043267208177
1038,8.733829904548479
1039,8.141094693199323
1040,3.764491348492503
1041,9.781921197659903
1042,1.6013724222951424
1043,2.9248798399942775
1044,6.815790070682858
1045,6.451815251827041
1046,8.364404139853916
1047,6.247236582738632
1048,4.886069349401175
1049,9.482245249692186
1050,6.214912722382591
1051,8.192549014611725
1052,10.0
1053,10.0
1054,6.0457923290402995
1055,7.027162352362867
1056,9.523321462986349
1057,6.526877424168908
1058,8.765638286656932
1059,7.2126800166628104
1060,9.753210749236342
1061,8.630519710374237
1062,9.979087628192818
1063,7.166577276820455
1064,4.604194981555839
1065,10.0
1066,4.681416175809008
1067,7.172434683867473
1068,10.0
1069,10.0
1070,6.41925948609611
1071,7.958564174833618
1072,10.0
1073,8.02210714044826
1074,10.0
1075,9.392119347153779
1076,8.435115962423886
1077,7.268336287101047
1078,7.01983288149441
1079,9.81332733180101
1080,10.0
1081,4.057274514408103
1082,3.1570354337306954
1083,9.346317633646414
1084,8.032644502208639
1085,6.02447733954674
1086,8.47434517857599
1087,7.852466316236473
1088,4.192112060833473
1089,8.49199171134027
1090,6.496146345477776
1091,8.253279780374651
1092,8.992303257232244
1093,8.007906957174729
1094,9.226264863560518
1095,5.36217264755726
1096,9.579927481956856
1097,5.523041531683282
1098,3.787000031329107
1099,8.190759960478172
1100,8.463821070148034
1101,8.807885197288309
1102,4.456820226863418
1103,4.081955470432253
1104,3.208123713300183
1105,10.0
1106,3.449448734370455
1107,9.40602405820654
1108,6.40463613625417
1109,8.04915684856492
1110,8.932022354842422
1111,5.635865905973995
1112,7.586782134514667
1113,6.995982747961938
1114,7.691135487485751
1115,8.531431555438688
1116,10.0
1117,5.322516904276452
1118,7.300621695007822
1119,7.960534481296423
1120,9.077524245956914
1121,9.902691488715917
1122,8.331976783083228
1123,7.349060275148811
1124,8.674348555102295
1125,9.685037409792926
1126,9.200443571056786
1127,6.32558447057309
1128,8.515770922972491
1129,5.8797003589220616
1130,3.2877260968756317
1131,10.0
1132,10.0
1133,2.921204008763438
1134,6.801368102992074
1135,7.15235687951234
1136,8.860990466053758
1137,3.2133180896547464
1138,6.401842251476168
1139,1.0
1140,8.902100747176116
1141,6.363165768689673
1142,8.317031760846076
1143,4.593192460522438
1144,6.275828489096177
1145,3.3951423000577017
1146,2.6767095029999384
1147,7.142423961975554
1148,8.53361025131081
1149,1.8417856237974626
1150,3.6435492999182695
1151,8.237808011573655
1152,6.532627330344851
1153,5.815085089962435
1154,6.648748381073214
1155,7.887244465049099
1156,6.1092934393916964
1157,9.84389190628484
1158,9.800590333258533
1159,5.645587990148464
1160,7.337174335041683
1161,9.479546814495276
1162,6.147716969113257
1163,2.7290231681530153
1164,1.6814425571119642
1165,10.0
1166,8.43210913204933
1167,9.07258466845027
1168,10.0
1169,10.0
1170,1.5366214090368244
1171,3.5286476470044557
1172,5.451950226555832
1173,6.534997641895942
1174,9.295417818939182
1175,4.90619066439509
1176,3.8868969783818867
1177,8.784082506709053
1178,9.003209352669694
1179,5.019797202510173
1180,8.756960460099455
1181,10.0
1182,6.17798798618328
1183,8.872562915026892
1184,5.695200391080659
1185,8.721018363211474
1186,4.011481171087643
1187,9.793426314374166
1188,8.300013151559115
1189,4.764772715180473
1190,9.3321413586045
1191,8.033062031416534
1192,6.468668717940591
1193,5.231872049354239
1194,9.150306774687333
1195,9.073213278418798
1196,7.595965111763645
1197,2.0218032362835427
1198,9.329081069140654
1199,10.0
1200,5.1173024631336705
1201,8.19347668763827
1202,3.3335103326346935
1203,7.456967286137219
1204,8.76281532831868
1205,10.0
1206,8.812409840718802
1207,3.4429861408275118
1208,6.268125113541162
1209,9.53945291177492
1210,6.261074078939342
1211,1.6000603772490039
1212,8.887308424847266
1213,9.702852343822505
1214,3.0002069083104463
1215,9.11459366086294
1216,9.4159058764519
1217,5.590892172537614
1218,10.0
1219,3.5347001093039383
1220,9.210187370829809
1221,4.092993144884501
1222,7.2691943508231445
1223,7.560428763485246
1224,1.5831676818436988
1225,8.963096713286198
1226,5.956584927253759
1227,9.047997937919767
1228,10.0
1229,2.537988808340978
1230,4.528593591433222
1231,8.002748431502777
1232,6.119312148525734
1233,6.848147304770602
1234,9.567246842034578
1235,4.878509634641258
1236,6.262937062154449
1237,7.002604954289444
1238,8.950167562390464
1239,7.999830038345983
1240,9.602440630693176
1241,10.0
1242,6.966192876940836
1243,6.312688135933866
1244,8.71012735723955
1245,5.092620241454912
1246,8.882871180309603
1247,4.768035845414727
1248,10.0
1249,10.0
1250,7.165330764395141
1251,7.391400722875153
1252,8.415440385879059
1253,5.624932233837917
1254,5.583653608595295
1255,6.3668708383013755
1256,5.919486830779646
1257,4.480474057916143
1258,7.209941153813993
1259,2.193141691336864
1260,7.290589665668965
1261,5.345153149591298
1262,8.09747664820091
1263,8.666699619310624
1264,8.167521622380725
1265,8.972005130054889
1266,1.8538990491884446
1267,7.568904237841254
1268,8.312918999884475
1269,8.417563940572732
1270,6.186242366981098
1271,10.0
1272,10.0
1273,9.115252023712884
1274,8.031825382668455
1275,9.51119608680234
1276,7.2145232432152335
1277,8.765685726080344
1278,5.978289711263884
1279,6.5729461354789676
1280,5.279606030649632
1281,7.978810140820151
1282,5.885878666640239
1283,8.323257239224386
1284,9.949766660227676
1285,4.287839307705405
1286,10.0
1287,9.34316775957569
1288,9.790804707395493
1289,4.579276340415904
1290,8.063311854082361
1291,3.247555708846537
1292,6.571669732600995
1293,2.075822971809629
1294,6.660806653779804
1295,6.9442668582594305
1296,10.0
1297,7.848362693013285
1298,9.160067176972168
1299,9.437243809336604
1300,6.062938787157464
1301,10.0
1302,9.896150101593507
1303,10.0
1304,5.502420366165309
1305,10.0
1306,2.8222811451670977
1307,3.8409626645490462
1308,4.241426740464457
1309,3.516273922476736
1310,9.706811172741874
1311,8.039745662969462
1312,7.8167626492399345
1313,4.950187716883914
1314,7.81101796030759
1315,8.679606021288118
1316,9.683761182785757
1317,7.3398539869405495
1318,8.760955432938852
1319,7.643754063521327
1320,6.894793369165464
1321,9.152570352357715
1322,6.5169128474541544
1323,7.831201033741055
1324,6.185778925161171
1325,1.2704698792107694
1326,10.0
1327,3.7418984944715405
1328,9.367914376218499
1329,7.456727350064206
1330,7.643233461626207
1331,10.0
1332,6.6065829572417805
1333,10.0
1334,9.46624846124938
1335,9.27235523653569
1336,8.564524056104815
1337,7.823096651128157
1338,3.3851458078970404
1339,6.203178679229428
1340,4.082569578082161
1341,6.939882370796698
1342,8.631898039917695
1343,9.291378615635491
1344,4.940104276261174
1345,5.456716184345405
1346,5.384307735168139
1347,8.610124748376942
1348,2.2369672442420665
1349,3.158814431163346
1350,7.9832601844853
1351,8.539865013052813
1352,7.264519204778812
1353,7.964211106183882
1354,10.0
1355,5.046603505219078
1356,8.476785626256792
1357,10.0
1358,8.052847982878868
1359,7.7375893901548904
1360,2.985257754364304
1361,6.348386233891013
1362,7.232751810991802
1363,9.278726148781264
1364,7.528722806855443
1365,9.372004328934523
1366,6.973124257311213
1367,9.576151100603584
1368,9.05708956922783
1369,10.0
1370,6.7996980097756845
1371,8.062804605938464
1372,8.102149618873108
1373,10.0
1374,5.814886252712805
1375,10.0
1376,9.357118709701806
1377,7.074440691928722
1378,8.495424839189274
1379,6.96093453398788
1380,6.8428474420818
1381,4.250682495378501
1382,7.730717781998163
1383,5.38314207447738
1384,2.397376214721365
1385,5.027952324707391
1386,10.0
1387,10.0
1388,6.707191815015413
1389,10.0
1390,3.5026195727636975
1391,8.998998415837585
1392,8.233723342209828
1393,9.000806207048475
1394,7.002143238941476
1395,7.794782104493634
1396,10.0
1397,6.077863259063969
1398,8.900983835480726
1399,3.9246123113435436
1400,7.700447695464572
1401,8.691510033335344
1402,6.638838960520043
1403,7.009937299970048
1404,10.0
1405,7.198555749708642
1406,7.231471402180586
1407,9.790883819081506
1408,9.398539125190425
1409,5.824239097832109
1410,10.0
1411,7.93008448701007
1412,5.785375400120359
1413,8.366705445352888
1414,8.023712495337614
1415,10.0
1416,9.42546524255034
1417,5.71256724070578
1418,9.432858556903552
1419,5.196045583429019
1420,7.536249474000154
1421,5.205112014456991
1422,9.376500068837473
1423,10.0
1424,10.0
1425,9.987944638898199
1426,8.999319955858306
1427,9.70298312226246
1428,5.486590776941093
1429,5.924089675959864
1430,8.018899437689024
1431,4.156084575851098
1432,7.339030342799831
1433,3.7623524216188127
1434,9.234861669636421
1435,10.0
1436,3.5191610424714472
1437,9.440394951954772
1438,9.356143679103198
1439,5.600119155619544
1440,6.022621734710858
1441,3.632449433189465
1442,9.839808735963596
1443,8.694044265875746
1444,7.765311499753067
1445,4.036131877549754
1446,8.023416410919854
1447,7.155345095926605
1448,5.575283003941872
1449,8.671893550099028
1450,5.33814915005788
1451,9.716419706466954
1452,9.127758499049712
1453,10.0
1454,8.37147704741275
1455,10.0
1456,6.71999537581631
1457,6.801334158228381
1458,9.205415131642104
1459,7.7710180238661755
1460,9.581482056756963
1461,7.565114570994376
1462,3.1740831459362298
1463,5.067817347040475
1464,10.0
1465,4.3105833896452115
1466,8.421724318663221
1467,6.2099489471444045
1468,6.455820233250871
1469,2.00747559987438
1470,5.984433537930598
1471,7.160005661563865
1472,7.206093557686468
1473,10.0
1474,5.390059057261566
1475,4.96001348639511
1476,8.892956698229618
1477,10.0
1478,8.696740702581325
1479,4.005069560503146
1480,8.342892206307942
1481,7.918169759572289
1482,8.339875797185611
1483,4.770917795524243
1484,9.500962545396611
1485,10.0
1486,8.011218440304965
1487,5.231227062379397
1488,5.4023835443527455
1489,9.343093163243031
1490,10.0
1491,6.947244879900203
1492,5.518565217525072
1493,9.30783677674951
1494,9.345042708549983
1495,9.321378019385758
1496,8.856135581545114
1497,5.340643954034577
1498,10.0
1499,8.891621489299911
1500,5.5624741142232255
1501,3.473116212930284
1502,7.521079102651432
1503,7.884115159291363
1504,10.0
1505,9.453141126005898
1506,9.594430788107786
1507,7.295757694024617
1508,2.6866253151934045
1509,6.058130893096608
1510,5.438979557748123
1511,8.002486571767497
1512,9.290788528317456
1513,3.1618071654037356
1514,4.621873270853668
1515,4.586444917048053
1516,2.247821442820352
1517,5.650319598354858
1518,6.816355874962981
1519,2.7080906794193846
1520,8.55743533405587
1521,9.042748389531726
1522,9.752449658369915
1523,10.0
1524,6.381664891411826
1525,6.566390608641983
1526,1.8899326364975104
1527,10.0
1528,8.785927268698654
1529,8.351663279095332
1530,8.581246572224343
1531,8.815879289452688
1532,4.504442856300473
1533,4.451083525381821
1534,9.714237644777235
1535,8.142943561974343
1536,8.82675799879053
1537,6.591433831779541
1538,8.2519131690118
1539,10.0
1540,8.099547472594699
1541,8.60223698319756
1542,9.401997261247166
1543,9.835761979601573
1544,7.039230184360368
1545,7.315553474959703
1546,3.7728750194558436
1547,4.412990301104018
1548,7.773576686567033
1549,8.724770817831608
1550,10.0
1551,6.399918717847483
1552,10.0
1553,7.992892360758026
1554,10.0
1555,7.8201129501396265
1556,9.212766226998022
1557,6.564087292033326
1558,5.198527864531459
1559,3.9395684501860018
1560,1.267313494015385
1561,3.979852757676337
1562,10.0
1563,6.9055215650660005
1564,10.0
1565,3.8258436856253004
1566,2.985026991059236
1567,4.53815838635567
1568,7.521344482387929
1569,8.827478461316467
1570,9.348208573632373
1571,5.810938534212912
1572,3.7668727385026406
1573,3.273109617559204
1574,6.939114553523272
1575,9.256475181821676
1576,8.907972432831299
1577,8.563943722031745
1578,3.1359904727143166
1579,6.400348773131973
1580,5.261007276748078
1581,5.7898924743543905
1582,10.0
1583,7.1588756492702545
1584,6.426217798693929
1585,8.419735136731225
1586,4.8360098861742875
1587,8.423622083622499
1588,8.590551807487868
1589,7.373329688342474
1590,7.882537815974263
1591,7.9006907363636785
1592,3.993791118421153
1593,8.620479246071662
1594,7.423342974303229
1595,10.0
1596,9.537310966276431
1597,6.672927383763782
1598,6.293013971060295
1599,8.146062638374351
1600,9.938485100267098
1601,8.520033415435668
1602,10.0
1603,9.414164886369926
1604,8.542282524061381
1605,8.488404861971501
1606,10.0
1607,4.830534115105237
1608,7.7034158162773565
1609,7.956366081672753
1610,9.771907860521571
1611,9.852235890988755
1612,6.185945323891167
1613,4.747824853904635
1614,5.054974489751096
1615,8.252183662623352
1616,8.842454943753282
1617,10.0
1618,7.5853146387341575
1619,2.930601174774567
1620,3.950395863205647
1621,7.174575835022099
1622,8.246227465036203
1623,7.816695908451808
1624,3.7352578776500036
1625,6.213731492863619
1626,10.0
1627,7.516590993226897
1628,6.902208269156357
1629,8.289765194147213
1630,6.851116202452956
1631,8.379274764736754
1632,2.723131303710456
1633,10.0
1634,6.81895621277532
1635,4.260474903285229
1636,2.6262014071875712
1637,7.1344331056578545
1638,3.8734603063133393
1639,10.0
1640,8.405369358400325
1641,6.14743962432193
1642,8.418155601560791
1643,7.0457817435064545
1644,9.50317316559097
1645,6.153187887418044
1646,8.364233901996734
1647,4.042695766038267
1648,7.147554748701755
1649,10.0
1650,5.646468200214658
1651,5.990521315013645
1652,7.468429384272114
1653,3.6359021630581676
1654,5.537273248095411
1655,6.636649687150621
1656,6.989116494907264
1657,5.995918408683828
1658,5.438815488292801
1659,5.710250860340809
1660,7.9974056937760265
1661,8.264818258649171
1662,5.2268637795323585
1663,4.891386053722088
1664,7.352945031656278
1665,10.0
1666,6.671106692196519
1667,6.656689507807717
1668,8.994648956824404
1669,8.46728999893531
1670,5.959743163894295
1671,9.603952374118949
1672,9.745038009255149
1673,6.869648550792024
1674,4.518334477225956
1675,8.593260055274337
1676,10.0
1677,6.375727090456194
1678,7.962222897178586
1679,9.528781424915497
1680,9.094659616280909
1681,9.633219071977914
1682,8.205270617023588
1683,9.123523190665244
1684,3.669934549499514
1685,5.9969884848817765
1686,9.567113628119964
1687,7.725061140113549
1688,5.789142792082746
1689,1.9843829184322788
1690,8.251912893283306
1691,9.730069182984376
1692,9.202576332298293
1693,5.60422455401556
1694,8.509543011238238
1695,5.194840262734742
1696,8.632331499595983
1697,10.0
1698,10.0
1699,6.723190151123667
1700,8.043407354560555
1701,9.341833737793465
1702,7.065290361480623
1703,8.43383832899279
1704,7.76278475750307
1705,10.0
1706,10.0
1707,10.0
1708,8.291425651418614
1709,9.218922629345418
1710,10.0
1711,9.021997731636755
1712,8.150152979083076
1713,4.87074669664962
1714,6.777710317898193
1715,8.560770464762545
1716,6.696354064792253
1717,2.3301547341411055
1718,7.635523674297052
1719,8.979812662906532
1720,8.694545529066355
1721,3.9564380853364773
1722,9.59864105204633
1723,7.77242967967061
1724,8.249469985700516
1725,8.299882332019864
1726,10.0
1727,9.618461715673956
1728,10.0
1729,2.020455702418168
1730,9.910317232116236
1731,9.43404946154506
1732,9.324806186915112
1733,8.222648507910296
1734,10.0
1735,10.0
1736,9.912425726530678
1737,6.456600198706231
1738,5.50472878170822
1739,9.07969078526028
1740,9.347310241539153
1741,10.0
1742,9.070476979987847
1743,10.0
1744,4.378157788062404
1745,8.196217239580927
1746,10.0
1747,8.42527388265897
1748,9.148353400137522
1749,4.711758010578339
1750,9.931503271235485
1751,6.0925966851329525
1752,4.858046847493991
1753,2.987857763415363
1754,6.343879960240023
1755,8.282363338508079
1756,8.396554354730423
1757,9.123056766250611
1758,8.219056560296664
1759,5.267832071247722
1760,5.415139588544755
1761,7.096906483142546
1762,8.357721698304054
1763,9.98639223099383
1764,4.414895821867894
1765,6.865306886441441
1766,6.474231819258672
1767,7.908149557971575
1768,5.965757936395761
1769,9.335524125382506
1770,1.0
1771,9.928648471476334
1772,8.717005853840819
1773,9.540587502667465
1774,9.026410487498971
1775,4.9681448906892625
1776,5.509760709263948
1777,7.506854920114985
1778,8.045086855603811
1779,8.663294706055694
1780,8.332894884473305
1781,10.0
1782,9.901355476814269
1783,7.444624208026389
1784,7.017372654635269
1785,7.915825603185006
1786,5.823184053431898
1787,7.736183601194184
1788,8.46243323414973
1789,9.439168167408322
1790,4.194066756966015
1791,6.284572036151849
1792,6.717085720893825
1793,7.80311023564941
1794,9.40831054116726
1795,6.359544372693422
1796,8.935829017846343
1797,10.0
1798,9.24442676628385
1799,8.664654972058395
1800,5.171792005303439
1801,5.674083316375736
1802,6.27735019052779
1803,10.0
1804,7.937192646965764
1805,10.0
1806,8.124592427435871
1807,10.0
1808,9.46629057033305
1809,7.214220661316906
1810,5.870932262484228
1811,8.847311306757279
1812,3.44945987311247
1813,10.0
1814,9.976025768809379
1815,3.992930305311092
1816,8.320862439176155
1817,3.2820404064159074
1818,10.0
1819,10.0
1820,6.784158248421835
1821,8.286858654873607
1822,8.228971270754597
1823,4.754049098941739
1824,7.340738364115068
1825,7.829539932807323
1826,7.278028314844964
1827,3.6204580974781164
1828,8.649463304933674
1829,7.551759564003848
1830,7.309990970794656
1831,8.106266727828137
1832,6.4505312877969105
1833,2.731881617873872
1834,8.543564036209633
1835,7.572346849819505
1836,7.288729864899538
1837,5.524239934367175
1838,10.0
1839,5.293499251114438
1840,7.580427524851313
1841,9.476045413347073
1842,8.282444116567097
1843,8.887408611370946
1844,8.841127430688962
1845,6.925794285153578
1846,7.2889064885120645
1847,10.0
1848,7.784036082217629
1849,3.972161580057131
1850,5.196531803196384
1851,5.0350763000868355
1852,9.439569820023669
1853,1.5647066693903269
1854,7.708867657756906
1855,10.0
1856,8.003530836496436
1857,8.740467702294664
1858,3.4466003863351693
1859,3.5417741565660363
1860,6.844983603993482
1861,5.009895261211812
1862,8.661819165011178
1863,8.149311751184284
1864,3.7997134553957594
1865,7.938742933151736
1866,10.0
1867,10.0
1868,7.302179826638189
1869,10.0
1870,5.495895338075684
1871,9.921661203302081
1872,9.703634486486767
1873,4.0585105573423945
1874,8.248650222018304
1875,4.3707887658921925
1876,8.083470772109756
1877,10.0
1878,8.713588431933777
1879,7.962791827705427
1880,8.290712922550696
1881,8.158853655146066
1882,2.071138068255888
1883,9.023904379807576
1884,4.29652190943539
1885,10.0
1886,7.638702896194821
1887,3.9420002318279774
1888,10.0
1889,8.360170880185507
1890,1.59159674185717
1891,4.927160944868031
1892,10.0
1893,3.637660867173183
1894,4.665475317693302
1895,10.0
1896,6.833841428814298
1897,6.739494786659189
1898,8.607940306697095
1899,10.0
1900,7.491520665902969
1901,8.342926176035736
1902,9.247257665122415
1903,8.504158113143282
1904,9.274715235037505
1905,4.42327531697441
1906,6.3369670920298775
1907,2.912419489787301
1908,5.19041740903412
1909,3.0721598044569585
1910,4.9914037347353934
1911,4.295234652269303
1912,6.2595107798616
1913,4.653400806709176
1914,9.432107392978125
1915,8.238135634060843
1916,2.0038186229831685
1917,10.0
1918,10.0
1919,10.0
1920,10.0
1921,7.245635665123018
1922,9.369262887220714
1923,10.0
1924,6.316418392275043
1925,10.0
1926,7.535068121879685
1927,8.30157120960417
1928,4.893706936205531
1929,10.0
1930,4.585643995732095
1931,2.129455111226593
1932,6.828257729670004
1933,8.362761613207363
1934,8.471246529599682
1935,5.65626493225317
1936,6.548498393665729
1937,7.360364411738788
1938,10.0
1939,7.220209497184194
1940,2.9905026981868272
1941,8.261427934131776
1942,5.226915184020041
1943,7.632513102873196
1944,8.722995827714458
1945,9.001107835414727
1946,9.62602736338089
1947,10.0
1948,5.703657126895365
1949,10.0
1950,7.474034806511155
1951,7.572127909816762
1952,7.903977399454283
1953,4.977550837085577
1954,10.0
1955,5.009239221354456
1956,9.612289792997469
1957,10.0
1958,10.0
1959,9.261312582019427
1960,5.649813031309035
1961,6.703284133556282
1962,8.748629970503604
1963,6.105361308399178
1964,10.0
1965,8.849628546688884
1966,7.538955192948229
1967,1.2514947517931425
1968,4.943563011353272
1969,8.491714206784325
1970,5.986182652870493
1971,2.7452832919834074
1972,10.0
1973,7.613387594483882
1974,9.928917176541269
1975,8.861562373928937
1976,4.375426001505848
1977,9.7139908216362
1978,3.3249305796861846
1979,8.773999622464775
1980,4.033954415271184
1981,5.271281086327733
1982,2.554155571222674
1983,4.502406120154417
1984,7.614188789179334
1985,8.668205871684416
1986,2.488105677491836
1987,8.680962236038361
1988,9.704222407036948
1989,9.058955228322596
1990,9.3948922346009
1991,5.354765773320069
1992,10.0
1993,3.76618960226719
1994,3.9268991455047995
1995,7.205902313490013
1996,2.2396549768222407
1997,3.8072584400590004
1998,9.825921257347453
1999,6.972232290664025
2000,6.0678361066728455
2001,8.17330491529268
2002,8.323102753281134
2003,4.808572781327714
2004,7.122208565384647
2005,9.10709303915293
2006,7.257803558791969
2007,7.152962599219378
2008,8.897904644669193
2009,9.091836587334452
2010,6.476701182171461
2011,8.715029897110163
2012,7.08758149527022
2013,5.743887909444179
2014,6.304281548992421
2015,4.431971629602991
2016,7.755853410008475
2017,9.532326504637386
2018,3.0774332662413966
2019,9.888228582171143
2020,6.6097151506148215
2021,7.461200555060687
2022,6.1289574397983495
2023,8.481221665929226
2024,4.270674642517868
2025,8.430478900157544
2026,7.408362732329463
2027,3.4185639724721084
2028,10.0
2029,9.21752880992251
2030,7.366974202395989
2031,4.749295811265686
2032,8.80821988392994
2033,7.163873253032639
2034,8.580947327415116
2035,7.892422141945524
2036,4.433772579053218
2037,6.30824753175949
2038,8.644536078714365
2039,6.293902981642603
2040,4.991340347071001
2041,9.17452161216617
2042,7.786091594165469
2043,4.21449576103776
2044,9.714343655944282
2045,4.999545245017904
2046,7.921465269878415
2047,10.0
2048,4.673323905584757
2049,10.0
2050,8.679929695357046
2051,6.3458635797981
2052,5.581144192083243
2053,2.0198411316419342
2054,6.807070128504839
2055,7.200801993892368
2056,8.895054658050132
2057,10.0
2058,8.792603511661312
2059,7.170769650651465
2060,10.0
2061,5.840670449500771
2062,5.920558003623912
2063,6.181354389904016
2064,9.090601140194694
2065,4.818570628185699
2066,7.932779267110577
2067,7.2282694121480855
2068,7.3835145550640675
2069,9.397185567405137
2070,9.873638385356557
2071,8.93203005077604
2072,2.7473242833104603
2073,4.6486959832496915
2074,8.6500278339517
2075,6.769936826736502
2076,9.193336472439096
2077,6.032234529632958
2078,6.355319725427916
2079,4.45953285064101
2080,4.138138809791182
2081,9.404363788464906
2082,9.011207798672395
2083,5.321349903285589
2084,7.624824701955662
2085,6.757393514286126
2086,9.159894888875991
2087,5.330933824539381
2088,8.411645728241414
2089,9.636751766150503
2090,9.152311658154249
2091,7.469732264175682
2092,9.048775349729759
2093,10.0
2094,8.70082319142205
2095,3.1425302556944255
2096,6.348668090977936
2097,4.527727654791062
2098,4.127202621461444
2099,7.662594595837066
2100,8.238964928784979
2101,5.398232763291878
2102,10.0
2103,6.696025385711212
2104,2.722329663289167
2105,8.739961452204692
2106,10.0
2107,8.524493389274463
2108,9.592533053118427
2109,9.060738778992386
2110,8.22188608792745
2111,5.522775595460201
2112,7.10071012725536
2113,6.190429046128044
2114,9.772622813315184
2115,7.599105680204106
2116,7.537959976948836
2117,9.494882689104637
2118,4.355286610283482
2119,3.937537067142056
2120,6.269722982447484
2121,4.300808760722438
2122,10.0
2123,4.5615024369891986
2124,7.812597048231993
2125,10.0
2126,8.096976705719747
2127,10.0
2128,8.636951209498491
2129,8.548675300851738
2130,8.275366809581131
2131,9.151209482926781
2132,3.855489227701961
2133,8.55817678511547
2134,10.0
2135,7.4770856051377175
2136,10.0
2137,7.758118442551135
2138,4.479345231317926
2139,4.887929079619671
2140,3.470602706899439
2141,7.681402457087564
2142,10.0
2143,7.7940246538608795
2144,5.5944867275132495
2145,8.845415655300833
2146,10.0
2147,9.727187064362155
2148,6.057749751557363
2149,6.662700032824317
2150,8.661951908406516
2151,8.712165705102745
2152,10.0
2153,6.621574920294694
2154,7.240042329675402
2155,5.251033274214886
2156,8.583669143095863
2157,9.607036885320387
2158,5.0680012590721475
2159,5.055927352872086
2160,5.522780260914537
2161,8.978651299160546
2162,9.212358691530541
2163,7.732072725958956
2164,7.676457801705057
2165,8.149057625585346
2166,8.265446161116339
2167,10.0
2168,7.275813698416524
2169,6.801726624514142
2170,3.059891187541505
2171,9.20843269678794
2172,8.775282829837778
2173,6.921101295661666
2174,10.0
2175,9.102820306324768
2176,4.027959297067742
2177,8.419557717052609
2178,5.926898103593709
2179,7.349093368458729
2180,3.7278223752542776
2181,8.146153133359277
2182,8.93032317952283
2183,10.0
2184,7.863175603072837
2185,10.0
2186,4.666431563779027
2187,8.457149419348857
2188,9.0352448197165
2189,6.12464793987385
2190,4.560940256029279
2191,8.746927021772448
2192,6.9612154480795985
2193,9.803653481198529
2194,5.198101705858774
2195,8.782985612710249
2196,4.194042763757372
2197,9.838802154307176
2198,5.898718006836749
2199,8.236579668359466
2200,10.0
2201,10.0
2202,6.805856854889382
2203,3.9601173653617963
2204,7.820959662353995
2205,5.353431115481978
2206,3.3135022007153547
2207,2.0998201075084277
2208,9.12418786750205
2209,6.858664327905377
2210,8.337360965309362
2211,7.540083380394309
2212,10.0
2213,9.906733336502908
2214,8.315257623694723
2215,10.0
2216,7.717590381823881
2217,8.719906813628064
2218,9.020135343659247
2219,8.996201245359556
2220,7.616835494641682
2221,9.368884334689351
2222,9.143757889444526
2223,10.0
2224,6.233304736978745
2225,9.036014365597332
2226,7.777845224794228
2227,9.334245294578245
2228,4.891378503916506
2229,9.534984213931901
2230,3.4903677510095052
2231,5.501458477517301
2232,7.238987418185617
2233,3.776529638730316
2234,2.7463878046941796
2235,9.283985340358457
2236,9.177301953035672
2237,8.911311142285497
2238,9.003972864232527
2239,9.764993855917957
2240,7.129300164363811
2241,6.711373577082204
2242,7.269163792171313
2243,5.095467627429618
2244,7.725014335363799
2245,9.875969272341552
2246,9.030818310667508
2247,10.0
2248,10.0
2249,6.102610915174656
2250,6.6278902277802505
2251,10.0
2252,6.2989843756292805
2253,1.7056069440139185
2254,8.519048961045447
2255,8.72696152981359
2256,6.945531244461668
2257,5.605683357239116
2258,3.017409206822192
2259,6.808628699819723
2260,2.6095277099946923
2261,5.559907863975175
2262,1.8034635664761591
2263,6.24006124497962
2264,5.6608262767360555
2265,10.0
2266,10.0
2267,9.6694548289386
2268,9.08414006341169
2269,6.905959798610364
2270,4.082503006408398
2271,10.0
2272,4.81257799866753
2273,3.6809194409451242
2274,10.0
2275,8.174463870863455
2276,4.936066911554162
2277,6.427273120455647
2278,6.1703708912887985
2279,9.04486823617993
2280,10.0
2281,2.21312855429706
2282,7.367141272089905
2283,6.836456458393846
2284,8.033235940313121
2285,6.696010248003742
2286,5.614331767995004
2287,7.16247535723626
2288,9.55074803427513
2289,6.229545754669118
2290,4.929683415884447
2291,4.473150463444116
2292,8.391199292513418
2293,8.504387261906816
2294,8.591321267723268
2295,9.955676105009834
2296,6.073549230029986
2297,7.937363644721573
2298,10.0
2299,9.227662922788728
2300,6.517991812234675
2301,8.595727129974366
2302,6.412488615957564
2303,10.0
2304,8.045387694694103
2305,10.0
2306,1.0
2307,8.684222429122242
2308,6.566390383145975
2309,9.524686736872752
2310,7.240042820820213
2311,5.908271344548296
2312,8.359676585278338
2313,6.58010799915251
2314,10.0
2315,5.778206044426996
2316,9.5901423468356
2317,8.758821920943767
2318,9.723461025991512
2319,3.744367142120496
2320,3.108991390179837
2321,4.632729757726654
2322,10.0
2323,7.536379727824018
2324,2.8315004483395465
2325,8.758426392601896
2326,8.527932593458399
2327,7.891074378658536
2328,5.002864340262994
2329,6.003697703393715
2330,8.802195226507456
2331,9.141887685102905
2332,7.922704358508118
2333,8.853742513381595
2334,9.004105239989597
2335,7.8369046294358204
2336,10.0
2337,8.803022860585836
2338,5.035835713782996
2339,10.0
2340,3.675117095152554
2341,8.862827389731116
2342,3.0808720663569225
2343,6.608406247568963
2344,5.583752498254308
2345,4.001733306754961
2346,10.0
2347,5.228977466313677
2348,8.089437793483446
2349,6.1135202996297116
2350,6.669095128191417
2351,8.945087086411828
2352,8.44014832626559
2353,8.443344870922806
2354,5.818242484690156
2355,9.312392600194789
2356,6.3875834743137485
2357,6.22191634816815
2358,6.936997466194505
2359,5.638365523022877
2360,5.254144061876894
2361,10.0
2362,6.358173020518643
2363,10.0
2364,8.123756268561227
2365,9.252339427350497
2366,10.0
2367,9.75387190051872
2368,9.28482208294189
2369,6.183216400272779
2370,9.105162737562978
2371,1.0277946973956191
2372,5.681170018463518
2373,5.950877404048434
2374,7.993612529983593
2375,4.104901521881009
2376,8.9285571267201
2377,9.683108162507935
2378,8.643638477928024
2379,6.986281295883619
2380,6.175154310145888
2381,6.408653517103909
2382,5.1444285091637
2383,7.678889815573219
2384,7.508408910832663
2385,5.423599217799041
2386,4.839666447571061
2387,8.757886347806178
2388,7.0863359548120055
2389,10.0
2390,9.4133424481536
2391,5.4856826444411295
2392,5.46655486547169
2393,7.944894784573771
2394,6.244977737162604
2395,4.893809690101443
2396,10.0
2397,9.893650936984514
2398,10.0
2399,9.030829670457821
2400,8.48565808592339
2401,10.0
2402,8.566960076047364
2403,7.114559179291075
2404,6.643758350240373
2405,6.772608818730663
2406,8.490990639790642
2407,7.7557380731815035
2408,3.714299983973586
2409,9.768930738501835
2410,3.9989476430882274
2411,6.568213061360988
2412,8.809673053299825
2413,8.08144718062037
2414,10.0
2415,10.0
2416,9.21846155464075
2417,10.0
2418,3.374078149231657
2419,10.0
2420,8.618954629157653
2421,9.684195808847816
2422,7.325905027835697
2423,7.383660467684687
2424,9.616285362489192
2425,8.717705816487882
2426,6.68290964625704
2427,2.421540034636314
2428,7.0061874920738125
2429,6.385561956058867
2430,6.677964830623421
2431,6.870315593196418
2432,7.825587127412682
2433,3.7154252189211836
2434,8.579884627017426
2435,5.272853849514383
2436,6.036106690605867
2437,4.781133035850796
2438,9.193507504885108
2439,7.383388132826315
2440,4.9755915643844535
2441,8.265898199921718
2442,6.63511360986123
2443,10.0
2444,7.497025645321984
2445,9.569556465067896
2446,2.3079219779831908
2447,8.563116607314958
2448,2.6933100358212743
2449,5.868782926013977
2450,5.9341999332368225
2451,10.0
2452,2.367863288488811
2453,7.718455573536614
2454,5.324805559949852
2455,9.497025082333456
2456,10.0
2457,10.0
2458,7.999445961464159
2459,8.091511394140413
2460,8.754719384649542
2461,3.993649437533683
2462,9.441909107989026
2463,4.0728198033915985
2464,10.0
2465,9.428499078024375
2466,4.1473933373974585
2467,9.736752767485827
2468,7.837392386136106
2469,3.556528325958445
2470,7.914365367926693
2471,9.821767127609844
2472,4.598991613817678
2473,9.4471272532146
2474,8.755529926980426
2475,7.3736171687381695
2476,9.804480985975745
2477,5.997554657252243
2478,7.4682981482804465
2479,4.214040835428131
2480,9.265319181595556
2481,3.4883215893720503
2482,9.607287250826722
2483,8.43200119074423
2484,7.055933360374533
2485,9.872347084225392
2486,5.783365833721842
2487,8.116327746024464
2488,6.996991768976136
2489,6.60349034867968
2490,9.667367848243973
2491,8.239502963913276
2492,8.959745902244588
2493,8.467710125480451
2494,7.9256919077145245
2495,7.213032718983154
2496,3.5514237968246496
2497,10.0
2498,6.482171483050239
2499,9.07866377615779
2500,4.200013057423435
2501,5.015664616749194
2502,10.0
2503,8.38906881120382
2504,8.303729804824144
2505,9.361186802826287
2506,10.0
2507,8.040125802001965
2508,3.067831138881388
2509,8.82072166172938
2510,9.680284492422478
2511,6.550919156324273
2512,9.350486363068512
2513,7.419701492183123
2514,7.2627324779093065
2515,8.082473807329977
2516,10.0
2517,8.141843077645653
2518,8.29049833929196
2519,6.714267284097175
2520,9.2923291444703
2521,6.951744813056041
2522,7.596803885098432
2523,10.0
2524,3.5555292549652036
2525,7.549779258427596
2526,9.356789368112636
2527,10.0
2528,10.0
2529,7.01738412358705
2530,8.057462938369108
2531,6.365164694390965
2532,7.5786328372785565
2533,2.1198753038723144
2534,6.91662578184127
2535,8.565877260577162
2536,4.563810427234328
2537,10.0
2538,9.770723332811142
2539,4.618409510231003
2540,9.358996805067072
2541,7.734290478893483
2542,3.143894803938101
2543,10.0
2544,6.748761124420982
2545,9.57411041723122
2546,2.8812625749072804
2547,10.0
2548,6.405732753280462
2549,9.220030938256139
2550,8.947439489369646
2551,9.91232588578915
2552,10.0
2553,7.5734674401094635
2554,9.879604015516968
2555,3.124498654024121
2556,4.3855460695363275
2557,6.572788378846027
2558,10.0
2559,9.898595597235088
2560,7.103123720815034
2561,7.944796151021487
2562,1.0
2563,8.582597573285875
2564,8.105121000210302
2565,10.0
2566,4.730730919228853
2567,3.723754509073527
2568,8.367356444784352
2569,8.273545884160104
2570,7.626250105455107
2571,5.535921101206813
2572,9.503362856789279
2573,5.606028666956847
2574,6.980443385916031
2575,8.837944006251083
2576,9.078395851831322
2577,6.753082125478645
2578,8.11027220829953
2579,3.1167628408701966
2580,9.273670804532458
2581,7.650828442814983
2582,7.459955967930634
2583,9.267650635594459
2584,6.807297449252251
2585,2.11645873707953
2586,9.467988799297832
2587,10.0
2588,10.0
2589,5.280206052093993
2590,10.0
2591,6.156538821075832
2592,8.71806233318573
2593,9.175985381499071
2594,7.771835972298654
2595,10.0
2596,8.048190345953827
2597,7.504672358224758
2598,7.675150268294211
2599,9.489960814243426
2600,5.354017360846745
2601,10.0
2602,6.249140087922204
2603,6.641201475527018
2604,7.576838013864374
2605,4.316355382450098
2606,7.470112666178996
2607,10.0
2608,4.781398887270278
2609,5.831452256769171
2610,7.6834018627456055
2611,8.36995363458691
2612,7.9986132253633775
2613,9.052625262893464
2614,10.0
2615,8.577538937651498
2616,6.247464881930924
2617,9.120930975817116
2618,1.4372066381886712
2619,9.96449691056443
2620,5.498586253959809
2621,6.5517579080778585
2622,8.259999405886656
2623,8.717253455882016
2624,7.01519313485087
2625,8.444725403672278
2626,10.0
2627,7.766363783814342
2628,9.851162830403213
2629,9.226777493564766
2630,6.17246667798254
2631,10.0
2632,10.0
2633,4.088060765179379
2634,10.0
2635,1.9954497040991355
2636,8.677184867178426
2637,5.132526744522291
2638,3.3030472565169564
2639,5.499694157735007
2640,6.989120066321443
2641,8.399702802075971
2642,5.173183804851468
2643,5.507410557049346
2644,7.9664231495921936
2645,7.84258502871797
2646,7.1561357701245125
2647,2.615344092755846
2648,8.589269701458463
2649,5.7197897310501
2650,9.742813621955898
2651,8.283810810826377
2652,7.152568499694205
2653,5.278633316702381
2654,3.0635946928383766
2655,9.542769703198068
2656,3.0133519945795957
2657,5.546670800684681
2658,7.818707813321903
2659,6.238525768184984
2660,3.8068249322549508
2661,6.840202241029376
2662,7.520743644017451
2663,6.283153010219196
2664,7.6974652937796355
2665,6.6323499042389225
2666,10.0
2667,5.475382182122667
2668,8.328828500981155
2669,10.0
2670,8.490659141204388
2671,9.344703885477298
2672,7.507927140816566
2673,9.841339461919423
2674,10.0
2675,5.794858451648718
2676,8.272892008212581
2677,8.890646655920175
2678,6.9778573412634355
2679,5.385601873524459
2680,5.064977274122199
2681,4.198265106886429
2682,8.515800133000823
2683,7.51027082800271
2684,8.594055180097774
2685,8.901590817831808
2686,6.8679005299886065
2687,8.495787916799454
2688,7.119748633240594
2689,8.078107725126596
2690,5.157740038628066
2691,5.12184147306713
2692,10.0
2693,8.47572403052295
2694,6.824887499890418
2695,10.0
2696,7.907022386157522
2697,10.0
2698,7.815680669942874
2699,7.632863510279047
2700,6.9758706394166365
2701,6.412225959363821
2702,6.648262861992802
2703,9.860153880649943
2704,8.750368667906423
2705,8.13405274693325
2706,8.207873084960616
2707,10.0
2708,6.346334062098644
2709,10.0
2710,6.007833377625855
2711,7.700200592223232
2712,6.3356998558951885
2713,5.087769057742801
2714,10.0
2715,6.611000008471623
2716,8.264961286339284
2717,6.516702046216124
2718,7.2526444179249285
2719,10.0
2720,7.369496811078791
2721,8.757440259030043
2722,7.797933956727953
2723,9.146315431311296
2724,6.51198509516083
2725,10.0
2726,8.095637515801528
2727,7.237273475048674
2728,6.334749353841173
2729,8.139430322788597
2730,6.243749272671112
2731,9.06520158905736
2732,4.810729773130774
2733,7.113685968366634
2734,6.617197133802154
2735,8.41362759095792
2736,7.620777018065437
2737,7.789953360901561
2738,7.863480693738964
2739,9.376637373993233
2740,7.024408113636638
2741,10.0
2742,8.780997404956931
2743,10.0
2744,8.534621501281363
2745,10.0
2746,9.323506222728332
2747,10.0
2748,1.8348910255496091
2749,6.344115900153059
2750,9.020915676735513
2751,4.274593789888078
2752,8.685130157404457
2753,9.833361254555971
2754,7.116115038244694
2755,8.90510626351807
2756,10.0
2757,5.002149858988878
2758,5.821882148535608
2759,8.892052486483054
2760,6.81505195450284
2761,8.859386009519982
2762,6.878462572618305
2763,8.043683341662222
2764,9.241577115230296
2765,8.507045394690204
2766,5.922272761477087
2767,9.118813170889299
2768,10.0
2769,10.0
2770,9.517564672040143
2771,9.765400665668905
2772,9.111655063605863
2773,9.105150390120496
2774,7.545883185073048
2775,7.784404159182481
2776,3.107009954892967
2777,7.8599969454441405
2778,10.0
2779,8.990818269692129
2780,8.925907453143125
2781,4.107481367718431
2782,7.067216871700676
2783,7.285805376865274
2784,9.029248092929908
2785,10.0
2786,10.0
2787,9.282028915725567
2788,5.161917154024021
2789,7.999488337857526
2790,9.392695422401625
2791,10.0
2792,8.506428600865863
2793,7.518791084941318
2794,8.992205581329118
2795,7.046154374888257
2796,6.056653768818081
2797,7.306937673024619
2798,8.12155461414474
2799,10.0
2800,5.353065496940859
2801,4.893431705108673
2802,9.211602709130123
2803,9.962211083634447
2804,10.0
2805,6.859600038366353
2806,5.578447518471387
2807,4.98041716290453
2808,9.09223841091761
2809,9.033626662935344
2810,7.510154414540754
2811,8.12739513812376
2812,4.206586181204297
2813,1.8925976342959818
2814,7.914366430601919
2815,9.547871015499672
2816,8.849261039204945
2817,6.10164130139453
2818,4.369789431883597
2819,8.97424945604652
2820,8.310715540479165
2821,10.0
2822,7.257542448991142
2823,7.802388794107728
2824,9.378412299430586
2825,10.0
2826,9.607241097145165
2827,8.474735969400658
2828,5.861789852693202
2829,10.0
2830,8.400414366759676
2831,10.0
2832,8.180230750233536
2833,5.607288590189525
2834,9.872646159899853
2835,9.960912857301194
2836,7.718640574618692
2837,8.83748399628086
2838,8.00260489064315
2839,8.489891534491425
2840,7.248211413029791
2841,6.208702145647616
2842,7.714493283780945
2843,9.659375984027804
2844,6.016794577816752
2845,10.0
2846,7.154792422993506
2847,7.112842832266507
2848,9.969552841918174
2849,8.728836693465867
2850,6.186647367645109
2851,8.845889240520451
2852,7.992819462584456
2853,4.424049400081849
2854,3.595761264443336
2855,1.7081955451416804
2856,10.0
2857,4.768449453721638
2858,10.0
2859,4.173768979221984
2860,8.972759126827889
2861,8.09809483632832
2862,7.21335410493147
2863,8.750520934917704
2864,4.539397390093109
2865,10.0
2866,2.111558464942004
2867,4.009778603268614
2868,8.78301680921894
2869,9.405990875025285
2870,8.746394294064759
2871,8.93694067989694
2872,8.641709335759241
2873,7.3917653521457884
2874,7.901311469343818
2875,9.482329909147426
2876,6.240728006955457
2877,1.0342944319913299
2878,6.407087141616135
2879,7.576917508846847
2880,10.0
2881,6.920698811286777
2882,6.946575817115255
2883,1.7859524889046479
2884,9.007959812012501
2885,6.752934941749361
2886,7.970970787500457
2887,8.653624282248252
2888,8.995078187705303
2889,10.0
2890,5.926896039217513
2891,10.0
2892,6.303114852972235
2893,6.259642971086616
2894,9.356953265944949
2895,7.624230960440913
2896,6.234418884813667
2897,6.690598362404497
2898,3.0898572777059474
2899,1.9082799822805172
2900,7.9080131004746
2901,7.209471390653097
2902,8.03544509001822
2903,10.0
2904,8.598650811260313
2905,9.937290729839939
2906,9.541610372555828
2907,9.536132453806408
2908,9.36879842836544
2909,8.430186612507859
2910,7.4374068985076525
2911,10.0
2912,6.8790768241580285
2913,5.214186711712386
2914,6.7180998005371055
2915,9.374561291355711
2916,9.23445996269371
2917,9.825625080086331
2918,10.0
2919,7.7978366814871345
2920,10.0
2921,5.749842865032061
2922,9.618127861088045
2923,5.646308153349714
2924,8.701952798469293
2925,8.843146048819811
2926,8.424265804234759
2927,8.791865762050463
2928,10.0
2929,10.0
2930,8.015873973315847
2931,8.142513052206736
2932,6.498947219825092
2933,5.402898931827484
2934,4.886984052715406
2935,10.0
2936,9.438557473485366
2937,8.503590221912097
2938,6.911036595777356
2939,10.0
2940,10.0
2941,8.978122856484683
2942,8.316934577138447
2943,5.94274542987323
2944,8.123832131522692
2945,7.964574443407771
2946,5.537512693542148
2947,4.5003668591597785
2948,9.48855034420173
2949,9.631491502847867
2950,10.0
2951,6.721896479519454
2952,2.380827998472548
2953,7.118812680054286
2954,7.035362491965279
2955,5.763068663109726
2956,8.149662139792367
2957,6.025787337967105
2958,7.240603481711362
2959,7.497971262854559
2960,8.782299897757575
2961,6.344874548680479
2962,8.763453703515147
2963,4.038288059054183
2964,9.153983756019072
2965,7.869820237864254
2966,2.1643437254903852
2967,9.49424277735332
2968,6.252173292789991
2969,6.4555291559395735
2970,7.2386247621706605
2971,6.130830303693772
2972,8.769309556659346
2973,7.9126665778987695
2974,1.9098853583583852
2975,9.480212378537983
2976,10.0
2977,1.8074070437435845
2978,8.434396991162519
2979,9.874505927717209
2980,10.0
2981,4.317846826419909
2982,10.0
2983,1.9466374256401378
2984,8.546983096969482
2985,5.567361445904834
2986,5.503553732635902
2987,6.701726849049871
2988,6.622408344841174
2989,6.0471714090463715
2990,8.516928616230764
2991,6.268415589342987
2992,9.39303086157049
2993,4.8274650441344
2994,9.93348812866419
2995,10.0
2996,7.068534490745303
2997,10.0
2998,9.101645531177194
2999,8.950477152984654
3000,8.872997789601982
3001,7.173496420117129
3002,8.332122516261377
3003,4.233539556634837
3004,7.782895298686405
3005,6.591298087578128
3006,8.922986708896353
3007,10.0
3008,3.301300073917348
3009,7.9326536133024685
3010,8.891283956738883
3011,6.011886651429223
3012,6.679698804497108
3013,7.308879807996947
3014,9.353558548550847
3015,1.669284040000764
3016,5.545092583457451
3017,4.401228535810922
3018,8.934705044905574
3019,8.010105884643414
3020,7.38123125347603
3021,6.0062103856520785
3022,7.379726463140564
3023,6.549853016113135
3024,9.235418961184426
3025,10.0
3026,6.5582417405738935
3027,7.425965696049032
3028,8.196378393347915
3029,5.004670242470336
3030,10.0
3031,9.429275469065573
3032,4.139961361738407
3033,8.844656616719247
3034,8.783953042324383
3035,7.014982453071669
3036,3.955107366580976
3037,8.06167730943979
3038,8.550449776493505
3039,2.078414563025568
3040,10.0
3041,4.498472555231543
3042,2.7834266630978677
3043,7.091608882318156
3044,8.101956480101723
3045,9.39186384012972
3046,10.0
3047,5.271828723547752
3048,2.6636615156768015
3049,8.691503390258974
3050,6.332298029349698
3051,8.004494178831413
3052,6.578573583018808
3053,7.649000729141081
3054,6.30892558316972
3055,8.779083043718797
3056,9.240342258301634
3057,5.769908467151407
3058,10.0
3059,9.205499988469937
3060,2.2754646439397277
3061,6.222093054060811
3062,9.378222081188422
3063,3.6797707807087003
3064,8.912885643213489
3065,10.0
3066,9.112983505206113
3067,6.644153368682567
3068,4.933576207614503
3069,5.600369951454943
3070,5.088346394282715
3071,4.710021993185149
3072,10.0
3073,6.56216261264613
3074,10.0
3075,9.86045100258128
3076,8.82261724235414
3077,6.739817248953032
3078,10.0
3079,8.227553523836262
3080,10.0
3081,5.1952204082683275
3082,7.75368027077491
3083,9.8529480892329
3084,6.034466878085981
3085,3.6830290510087758
3086,4.988759878027811
3087,3.8893535377565756
3088,1.7350427236157056
3089,8.61264829920886
3090,9.667892734423164
3091,10.0
3092,8.258073615112615
3093,4.780385684977131
3094,2.8882955256102663
3095,5.9527401598353435
3096,7.466716409824234
3097,8.67782369998538
3098,7.722518965698745
3099,4.851289307542145
3100,4.566217247279664
3101,5.003877353555979
3102,8.163783458871363
3103,8.989626449188137
3104,7.9912723918127115
3105,6.11140083318554
3106,9.848661051552794
3107,8.778085788994183
3108,8.849219064382442
3109,5.2951633237628934
3110,9.275590727799715
3111,3.666337846710466
3112,7.421296784061731
3113,7.792022310559785
3114,5.758348679922228
3115,8.911826003154497
3116,9.779274757836491
3117,8.800866717570319
3118,9.51249838120255
3119,10.0
3120,3.8509526805137417
3121,6.5971105640335255
3122,7.071434491315888
3123,3.8684861829628514
3124,8.70102123177972
3125,8.682725512727199
3126,8.917535277388009
3127,9.351554027717537
3128,6.243890675812223
3129,3.805403197926019
3130,8.659270327285611
3131,2.3756755120122395
3132,6.528184865504879
3133,7.442527055586028
3134,9.57696811465673
3135,8.725893938107426
3136,7.1895456831763855
3137,5.614645002981148
3138,3.629135714282129
3139,4.3617209152708245
3140,9.108612179772374
3141,1.1233652958712852
3142,7.434065229594971
3143,7.442625937681935
3144,9.148890253323957
3145,9.687079116811468
3146,8.75817541491646
3147,8.366122878306323
3148,3.0602528552718353
3149,9.197922532292074
3150,5.749567280097465
3151,5.811744216570683
3152,7.2760100249656245
3153,10.0
3154,4.819137696437538
3155,3.725091815897784
3156,9.093900313825133
3157,6.65114953218642
3158,7.074496760564103
3159,10.0
3160,8.637743062152666
3161,4.0274796665364
3162,5.112325425393555
3163,8.931531899373043
3164,6.600015979496645
3165,10.0
3166,10.0
3167,5.628948754955273
3168,10.0
3169,1.0
3170,7.182615879962479
3171,4.45043553110993
3172,9.38801898586269
3173,8.596433800104213
3174,5.968104371234086
3175,7.233209165645467
3176,7.098018983069259
3177,4.600827073360233
3178,6.957912724636557
3179,6.005511979979853
3180,6.056622012884274
3181,10.0
3182,7.950613390684515
3183,6.433531106026913
3184,1.0
3185,4.6562182319479195
3186,5.212225597727851
3187,7.222693738232223
3188,5.288432646064908
3189,10.0
3190,7.701006231692308
3191,8.07509539477203
3192,9.266990921146288
3193,4.1605811868271
3194,6.058227023103631
3195,5.846477438742786
3196,5.962022007253038
3197,8.057321494355952
3198,6.168912580068472
3199,10.0
3200,8.053039539990321
3201,8.211024194143425
3202,6.977304571491735
3203,6.825056804791254
3204,8.462608641321667
3205,5.950328472158411
3206,8.363695300965555
3207,5.2553327712182485
3208,4.8592468821052455
3209,6.7929250604688445
3210,9.086879172468382
3211,3.187991875479508
3212,8.290494186116486
3213,8.803189973439077
3214,6.52957331707172
3215,8.35370080741546
3216,8.61426131266802
3217,10.0
3218,2.9358599881942253
3219,5.79974963559281
3220,3.3151504285367803
3221,8.475143436825213
3222,9.665816548855648
3223,10.0
3224,9.798377616557866
3225,3.921669234321072
3226,10.0
3227,7.771303996525296
3228,9.385129701839038
3229,7.822610735180576
3230,6.200091935951874
3231,9.119580077538263
3232,6.164367117217369
3233,6.351641498479604
3234,6.544851278531717
3235,7.605266133717658
3236,7.815621030943679
3237,3.3861957464918864
3238,9.166892316510426
3239,7.650351240822913
3240,4.271190670140157
3241,6.019896674204042
3242,10.0
3243,4.06487432261627
3244,5.2149451405075995
3245,3.4262145501310237
3246,3.346086122195491
3247,9.336940510440773
3248,10.0
3249,2.4875801794028978
3250,7.919829457861806
3251,6.728864749875862
3252,5.7810870641016106
3253,10.0
3254,8.369355787163084
3255,4.794647650386926
3256,7.040535564281657
3257,4.197549114238214
3258,6.742813007477134
3259,9.758982371713056
3260,7.7174516473573975
3261,9.513845017375731
3262,8.434621646222848
3263,6.798468683297012
3264,3.7037547041193863
3265,4.29813442099457
3266,5.588400613664161
3267,10.0
3268,7.111729746340411
3269,9.085675892707453
3270,9.129536438054508
3271,9.90956322884822
3272,6.409162025624951
3273,10.0
3274,6.421332029341343
3275,10.0
3276,6.505240767915807
3277,3.880679449897014
3278,8.05804385373974
3279,9.547544095471437
3280,5.680003708220326
3281,8.21278863832642
3282,7.649393822543567
3283,5.348306802340122
3284,8.615044710262675
3285,8.529142032508403
3286,9.85744584980617
3287,10.0
3288,7.251655766311615
3289,3.5600961094232817
3290,8.495787350806406
3291,7.649355414597394
3292,5.129173767775544
3293,7.692978063739565
3294,8.356195502470777
3295,9.776955922150663
3296,6.472624186528758
3297,7.982893680521863
3298,8.636548271374433
3299,7.511091347131061
3300,6.708108571165074
3301,8.040199083653237
3302,8.836114062145505
3303,5.473408090112275
3304,8.89619744452037
3305,7.478178835223265
3306,8.734972348908528
3307,2.269015283938584
3308,2.952696927133613
3309,7.920349439691833
3310,6.660095729959237
3311,9.45330872934995
3312,8.177699824175864
3313,3.4944850411807584
3314,6.123074315904736
3315,7.8735363322530185
3316,8.608450862582034
3317,6.512720111434595
3318,10.0
3319,6.764400065029731
3320,9.23141213991606
3321,10.0
3322,5.526314134409147
3323,9.518584994290125
3324,6.164744407765139
3325,7.519392039525185
3326,7.95198378553302
3327,9.568048680408333
3328,10.0
3329,7.264338421186692
3330,5.778762796603652
3331,9.011703680689887
3332,3.5591538660989834
3333,5.914924758065024
3334,10.0
3335,5.012613673305085
3336,3.1471995606899728
3337,7.472440886604248
3338,4.790384887191589
3339,10.0
3340,5.584318787883475
3341,9.544922814724895
3342,7.560853549919509
3343,5.620373766340952
3344,8.406134333255899
3345,6.137695725673396
3346,7.706868875566364
3347,8.484873358063021
3348,7.801353694366218
3349,6.1894645848441225
3350,5.292584208042199
3351,3.4715154553136935
3352,7.29372123984219
3353,3.5158435067343867
3354,6.550043821198398
3355,5.517313278039915
3356,8.248590961488214
3357,7.943338100798185
3358,8.88307853337399
3359,4.971383971850563
3360,9.784246244032856
3361,4.894049104846048
3362,2.867860454620086
3363,10.0
3364,5.079430098669109
3365,9.83853114267695
3366,2.697567929336474
3367,7.256199131436419
3368,7.193200188513137
3369,7.191976711964707
3370,9.023341278962107
3371,9.5000334288345
3372,8.07694633388372
3373,8.670869758440034
3374,6.404845560125938
3375,6.358445823137376
3376,10.0
3377,8.399172805432904
3378,10.0
3379,8.448971841680128
3380,9.483998246017384
3381,6.916240747188168
3382,7.945744144437544
3383,8.527959853131202
3384,4.575726160586121
3385,7.489146975862413
3386,10.0
3387,7.010516681581935
3388,10.0
3389,6.088528655662997
3390,8.259020869789898
3391,7.909106146541479
3392,6.974940575629329
3393,8.597173128278289
3394,8.286572202387454
3395,9.440889689022187
3396,9.179203260354873
3397,7.588223518347507
3398,10.0
3399,6.280103810658912
3400,8.754308615417031
3401,8.501659079186478
3402,9.901084200621458
3403,9.360760376161545
3404,8.5513093844378
3405,9.225606893979789
3406,6.338897227186607
3407,8.985636389174799
3408,10.0
3409,10.0
3410,10.0
3411,6.699733644640377
3412,5.018224573649831
3413,7.909360245200275
3414,7.601962833455253
3415,9.961105262117822
3416,4.90619066439509
3417,9.079843989503686
3418,8.373851048895457
3419,9.383215924115317
3420,3.5122734995218132
3421,5.73372881759878
3422,6.146294359704314
3423,5.920140981316113
3424,5.793117557672493
3425,8.154237783014532
3426,3.162495349162078
3427,3.9858361325180764
3428,10.0
3429,4.252754419827707
3430,7.7572482708764285
3431,7.673212471722981
3432,9.52728353554649
3433,8.812103376138362
3434,5.574120875579718
3435,5.033116871424158
3436,9.350870721995003
3437,8.199277176674702
3438,8.846332330341893
3439,9.444891075187806
3440,8.439236552727815
3441,6.638151017662258
3442,3.6831888558223738
3443,3.788964128901003
3444,4.755187865546325
3445,10.0
3446,3.17022674400383
3447,6.830550240346481
3448,9.506592515063764
3449,9.545816617113031
3450,6.875538020995129
3451,8.675704898301545
3452,9.954177877893803
3453,5.443410053554255
3454,6.625832270091416
3455,5.001585346553074
3456,4.656635959964815
3457,4.669760855867405
3458,7.009274655280333
3459,8.746884902109553
3460,9.09916546414828
3461,9.591676010931309
3462,5.5157487403491
3463,7.448417466107902
3464,5.465197114517715
3465,10.0
3466,9.509090263871663
3467,4.907711305314458
3468,10.0
3469,10.0
3470,8.203109906737689
3471,5.7599315802943645
3472,6.098674864212255
3473,10.0
3474,7.360712991432875
3475,6.811027198962426
3476,10.0
3477,4.912950812756227
3478,6.709613840527411
3479,1.920686596052727
3480,8.91017753833307
3481,1.930893584949066
3482,6.356029108987013
3483,10.0
3484,1.4759006354861366
3485,9.104746245575871
3486,3.8538194761376023
3487,7.894248016546701
3488,8.225793950464103
3489,8.49140616077004
3490,9.380457288396592
3491,6.000613614328838
3492,4.729309959403599
3493,4.043926892909811
3494,1.5817366882312656
3495,8.34245283849991
3496,9.492030284509415
3497,9.540568340511681
3498,9.3676940701674
3499,3.148259100656691
3500,9.557512794144925
3501,2.027426743079602
3502,7.392429378242042
3503,9.203467876544702
3504,4.563080062426834
3505,10.0
3506,8.086201007102893
3507,8.65242205704671
3508,6.457644502417527
3509,4.727404571917005
3510,10.0
3511,9.018116853458096
3512,7.64962633603362
3513,9.991620407515237
3514,5.494234911568173
3515,7.871162664268687
3516,7.8751485780349695
3517,7.587280909890513
3518,5.2250645187392095
3519,7.321962906800766
3520,8.5110380978656
3521,8.242168544682029
3522,4.08149476801887
3523,8.683301511002599
3524,8.539084613660325
3525,1.7381028351634824
3526,7.587280909890513
3527,5.190091610359847
3528,8.067083342648992
3529,7.423113531271007
3530,9.106778274541192
3531,10.0
3532,1.0
3533,7.396317548664252
3534,10.0
3535,7.361629982399702
3536,5.887736524999436
3537,10.0
3538,5.563615991901951
3539,10.0
3540,5.445572274057392
3541,9.266861492348763
3542,6.747851309393878
3543,10.0
3544,8.393340335207721
3545,8.004788568901441
3546,1.6006204034106175
3547,5.137476881364789
3548,6.196078487810651
3549,8.651105505994392
3550,7.161540316580803
3551,4.229988663826623
3552,4.152310680981521
3553,8.433127326700744
3554,7.146510463786085
3555,5.118308166762963
3556,10.0
3557,9.256633212764351
3558,10.0
3559,7.12369132236495
3560,10.0
3561,8.70753366242831
3562,5.056816646566254
3563,3.861690748930453
3564,10.0
3565,7.2933383790125825
3566,8.42569944826818
3567,8.020464703599815
3568,4.595114894656369
3569,2.556517782955633
3570,3.8727255903396376
3571,6.143034864088892
3572,6.488364807606086
3573,4.790176602668746
3574,8.16550334372379
3575,7.2912926347300475
3576,7.86896302064087
3577,7.694754435540469
3578,5.711752286101794
3579,8.236184111648093
3580,4.853156364774099
3581,3.2372324434907997
3582,8.180446890613078
3583,8.317100345387011
3584,7.108888008459226
3585,4.501943375407938
3586,10.0
3587,8.617460635813353
3588,9.057586824674305
3589,7.946722367814535
3590,9.917257874256995
3591,4.428148110276359
3592,6.1151287090779824
3593,9.29326196882168
3594,3.9887378893282492
3595,8.76802538674237
3596,7.100963380767572
3597,1.7697560993379617
3598,5.265882038120056
3599,6.216101672301452
3600,5.110793274976451
3601,7.451113731075119
3602,9.952463770871177
3603,7.7730391146290545
3604,8.604740715639785
3605,4.712166732193649
3606,9.638705615994803
3607,4.623089610698712
3608,7.042929790738982
3609,9.745376174380043
3610,4.003862979747161
3611,9.813534548424265
3612,7.209067709411977
3613,3.1336403471044663
3614,2.3795094534918624
3615,6.483601629486313
3616,7.5892320166396265
3617,4.578059669774617
3618,8.260554397157062
3619,8.133820821858796
3620,9.03260673921743
3621,9.955724427795909
3622,7.408815558369909
3623,4.588805064518794
3624,4.002861842993666
3625,9.385322522741737
3626,8.742568456810504
3627,8.571217544166315
3628,10.0
3629,10.0
3630,7.734589571173983
3631,7.491528257917456
3632,7.548446486370988
3633,5.4101284571342685
3634,6.753839345592225
3635,10.0
3636,9.185986916301898
3637,6.029070839569793
3638,6.933551103271905
